{
  "summary": {
    "avg_full_image_dice": 0.16273540695211444,
    "avg_annotated_dice": 0.41637282225601496,
    "avg_edited_dice": 0.5321679656412285,
    "avg_tool_only_dice": 0.23670447583075188,
    "annotation_improvement": 0.2536374153039006,
    "editing_improvement": 0.11579514338521343,
    "total_improvement": 0.36943255868911407,
    "success_rate": 1.0
  },
  "detailed_results": [
    {
      "image": "Subject_01_29.png",
      "annotation_box": [
        0,
        0,
        